All Faculty + Staff | MIT Department of Mechanical Engineering All Faculty + Staff | MIT Department of Mechanical Engineering close menu Find Resources Close Menu MechE Covid-19 Resources Impact World-Changing Engineering See Impact Menu Research Focus Areas and Labs See Research Menu People Faculty and Staff See People Submenu Education Degree Programs and Classes See Education Menu Culture Student Life in MechE News & Video News, Press, Video and Photos See news and media menu Faculty Openings Join the MechE Alliance Alumni Contact Apply to MIT MechE Support Meche Back Close Menu Impact Health Environment Innovation Energy Security Research Mechanics Design Controls Energy Ocean Bio Micro + Nano People Diversity, Equity, and Inclusion Faculty Faculty Emeritus Research Staff Post Docs Teaching Staff Admin Staff Support Staff Full Directory Education Class Offerings Prospective Students Undergraduate Graduate Post-Doc Careers Culture News + Video Press Video Galleries Photo Galleries Newsletter Colloquia Lorem ipsum dolor sit amet. Lorem ipsum.Close Alert MIT MechE MechE Covid-19 Resources HomePeopleAll menu Scroll to Explore Explore People Search Faculty Staff Full Directory More Filter People Faculty Emeritus Faculty Research Staff Post Docs Teaching Staff Tech Staff Admin Staff Support Staff MechE Faculty + Staff Listing A - D E - H I - L M - P Q - T U - Z Name/ Title E-mail Office Phone Name/Title Abeyaratne, Rohan Professor Email rohan@mit.edu Office 3-366 Phone 617.253.0066 Name/Title Adebiyi, Thomas O. Instructor Email TADEBIYI@MIT.EDU Name/Title Agarwal, Nayan Pawan Postdoctoral Associate Email NAYAN91@MIT.EDU Office 5-008 Phone 206.383.1080 Name/Title Ahmed, Faez Assistant Professor Email faez@mit.edu Office 3-435A Phone 617.253.6234 Name/Title Akylas, Triantaphyllos R Professor Email trakylas@mit.edu Office 3-362 Phone 617.253.5356 Name/Title Alencastre Miranda, Moises Research Scientist Email MOISESAM@MIT.EDU Office 3-147 Name/Title Alicea, Diane V. Administrative Assistant II Email DVALICEA@MIT.EDU Office NW98-163 Phone 617.252.1617 Name/Title Alshrah, Mohammed Marzouk Postdoctoral Fellow Email MALSHRAH@MIT.EDU Office 7-034 Phone 617.324.8992 Name/Title Amanfu, Caleb Instructor Email CAMANFU@MIT.EDU Name/Title Amrose, Susan Elizabeth Research Scientist Email SAMROSE@MIT.EDU Office 31-299 Phone 510.705.3880 Name/Title Anand, Lallit Professor Email anand@mit.edu Office 1-310E Phone 617.253.1635 Name/Title Ankji, Amazigh Financial Officer Email ANKJI@MIT.EDU Office 1 Phone 617.324.6639 Name/Title Annaswamy, Anuradha M Senior Research Scientist Email AANNA@MIT.EDU Office 3-348 Phone 617.253.0860 Name/Title Anthony, Brian Principal Research Scientist Email banthony@mit.edu Office 35-130 Phone 617.324.7437 Name/Title Asada, Harry Professor Email asada@mit.edu Office 3-346 Phone 617.253.6257 Name/Title Aulet, Bill Professor of the Practice Email aulet@mit.edu Office E40-160 Phone 617.253.2473 Name/Title Azizan, Navid Assistant Professor Email azizan@mit.edu Name/Title Badger, Daniel R Marine Extension Specialist Email BADGERD@MIT.EDU Office NW98 Phone 617.253.9308 Name/Title Baggeroer, Arthur B Professor Emeritus Email ABB@MIT.EDU Office 5-204A Phone 617.253.4336 Name/Title Baik, Sangyul Postdoctoral Associate Email BSY7863@MIT.EDU Office 76-661 Phone 617.642.3386 Name/Title Banosian, Maral Administrative Assistant II Email MARALB@MIT.EDU Office 3-449 Phone 617.324.4029 Name/Title Banzaert, Stephen G Technical Instructor Email sgtist@mit.edu Office 3-059 Phone 617.253.5594 Name/Title Barbastathis, George Professor Email gbarb@mit.edu Office 3-461C Phone 617.253.1960 Name/Title Barbosa, Erica Goncalves Human Resources Representative 2 Email EBARBOSA@MIT.EDU Office 1-104 Phone 617.258.9639 Name/Title Bastidas, Ana Carolina Research Scientist Email BASTIDAS@MIT.EDU Office NW98-168 Phone 617.253.3438 Name/Title Bathe, Klaus-Jrgen Professor Email kjb@mit.edu Office 3-356 Phone 339.545.6363 Name/Title Bathe, Mark Associate Professor Email mbathe@mit.edu Office 16-255 Phone 617.-32.4-56 Name/Title Benjamin, Michael R Principal Research Scientist Email mikerb@mit.edu Office 5-214 Phone 617.452.3262 Name/Title Bennett, Andrew Arnold Education Administrator Email ABENNETT@MIT.EDU Office NW98-181 Phone 617.253.3402 Name/Title Bhattacharyya, Rahul Research Scientist Email RAHUL_B@MIT.EDU Office 35-205B Phone 617.324.1984 Name/Title Bischofberger, Irmgard Assistant Professor Email irmgard@mit.edu Office 3-250 Phone 617.324.5527 Name/Title Blanc, Baptiste Pierre Raymond Postdoctoral Associate Email BBLANC@MIT.EDU Office 35-401 Phone 646.506.5044 Name/Title Boriskina, Svetlana V Principal Research Scientist Email sborisk@mit.edu Office 3-435B Phone 617.253.0079 Name/Title Lydia Bourouiba Associate Professor Email lbouro@mit.edu Phone 617.324.7745 Name/Title Boyce, Mary Cunningham Professor Emerita Email MCBOYCE@MIT.EDU Phone 617.253.2342 Name/Title Braunstein, Daniel Senior Lecturer Email DBRAUNS@MIT.EDU Office 3-044 Phone 617.258.7410 Name/Title Bray, William Electronic Media Specialist Email bbray@mit.edu Office NW98-165 Phone 617.252.1675 Name/Title Brisson II, John G Professor Email brisson@mit.edu Office 3-256/8 Phone 617.253.2273 Name/Title Brownell, Elizabeth Catherine Engineering Program Manager Email EBROWNLL@MIT.EDU Office 31-370 Phone 508.479.9919 Name/Title Buhrmester, Michael S Administrative Assistant II Email FATSEAN@MIT.EDU Office 3-252 Phone 617.253.7952 Name/Title Buie, Cullen Associate Professor Email crb@mit.edu Office 3-248 Phone 617.253.9379 Name/Title Buonassisi, Tonio Professor Email buonassi@mit.edu Office 35-213 Phone 617.324.5130 Name/Title Buongiorno, Jacopo TEPCO Professor of Nuclear Science Email jacopo@mit.edu Name/Title Byrne, Ceara Ann Postdoctoral Associate Email CEARABYRNE@MIT.EDU Office 76 Phone 415.430.8901 Name/Title Cabral, Alexandra Administrative Assistant II Email CABRALA@MIT.EDU Office 3-461 Phone 617.324.2805 Name/Title Canfield, Laura Elizabeth Administrative Assistant II Email lkampas@mit.edu Office 3-355 Phone 617.452.4123 Name/Title Carson, Paul Edward Technical Instructor Email PCARSON@MIT.EDU Office 35-112 Phone 617.253.2213 Name/Title Cedrone, Kevin David Lecturer Email KCEDRONE@MIT.EDU Office 3-038 Phone 617.252.1812 Name/Title Cha, Hyeongyun Postdoctoral Associate Email CHA10@MIT.EDU Office 7-021 Phone 217.550.2776 Name/Title Chalfant, Julie Steele Research Scientist Email chalfant@MIT.EDU Office NW98-163 Phone 617.253.9309 Name/Title Chase, Christina Marie Lecturer Email CCHASE@MIT.EDU Office 3-237 Phone 617.324.4048 Name/Title Chen, Gang Professor Email gchen2@mit.edu Office 3-258 Phone 617.253.3523 Name/Title Chen, Xiaoyu Postdoctoral Associate Email XIAOYUC@MIT.EDU Office 1-1-025 Phone 571.523.6733 Name/Title Chen, Yu Research Scientist Email YUC@MIT.EDU Office 31-296 Phone 617.417.6966 Name/Title Cheng, Chi Research Scientist Email CHICHENG@MIT.EDU Office 3-462 Phone 857.529.9269 Name/Title Cheng, Wai K Professor Email wkcheng@mit.edu Office 31-285 Phone 617.253.4531 Name/Title Chin, Hsinyung Harrison Lecturer Email HCHIN@MIT.EDU Office 1-004A Phone 617.258.5742 Name/Title Chryssostomidis, Chryssostomos Professor Email CHRYS@MIT.EDU Office NW98-160 Phone 617.253.7131 Name/Title Chun, Jung-Hoon Professor Email jchun@mit.edu Office 35-233 Phone 617.253.1759 Name/Title Churchill, Anna Human Resources Administrator Email achurchi@mit.edu Office 1-104 Phone 617.324.5390 Name/Title Cohen, Tal Associate Professor Email talco@mit.edu Office 1-271 Phone 617.253.8069 Name/Title Comeau, Benita Lecturer Email BCOMEAU@MIT.EDU Office 5-019 Phone 617.253.6324 Name/Title Connor Jr, James F. Lecturer Email JAYCON@MIT.EDU Office 3-470 Phone 617.258.8541 Name/Title Cormier, William Project Technician Mechanical Email BCORMIER@MIT.EDU Office 3-059 Phone 617.252.1538 Name/Title Costello, Jeffrey Dennis Technical Associate II Email JCOSTLLO@MIT.EDU Office 31-380 Phone 215.410.7669 Name/Title Cottet, Jonathan Bastien Postdoctoral Associate Email COTTET@MIT.EDU Office 5-021 Phone 857.298.9401 Name/Title Cravalho, Ernst Professor Emeritus Email cravalho@mit.edu Office 41-208 Phone 617.253.1414 Name/Title Crist, Buckley Harris Webmaster Email BHCRIST@MIT.EDU Office 1-104B Phone 617.452.3076 Name/Title Culpepper, Martin Professor Email CULPEPPER@MIT.EDU Office 35-237 Phone 617.452.2395 Name/Title Davies, Christina Administrative Assistant 2 Email CDAVIES@MIT.EDU Office 3-264 Phone 617.253.5318 Name/Title Defilippo, Michael Research Engineer Email MIKEDEF@MIT.EDU Office NW98 Phone 617.253.7192 Name/Title Del Vecchio, Domitilla Professor Email ddv@mit.edu Office 3-469 Name/Title Dellatolas, Ippolyti Grad Student Fellow Email ippolyti@MIT.EDU Office 3-257 Name/Title Deng, Jue Postdoctoral Associate Email DENGJ@MIT.EDU Office 1-025 Phone 857.829.7296 Name/Title Deng, Sili Assistant Professor Email silideng@mit.edu Office 3-336 Phone 617.452.3064 Name/Title Deshmukh, Akshay P Postdoctoral Associate Email AKSHAYPD@MIT.EDU Office 7-034 Phone 203.690.9812 Name/Title Dewey, C. Forbes Professor Emeritus Email cfdewey@mit.edu Office 3-354 Phone 617.253.7952 Name/Title Ding, Yanran Postdoctoral Associate Email YANRAN@MIT.EDU Office 5-017 Phone 217.419.9127 Name/Title Dobson, Kathleen Project Administrator Email KLDOBSON@MIT.EDU Office 1-304 Phone 617.276.7050 Name/Title Doshi, Neel D. Postdoctoral Associate Email NDDOSHI@MIT.EDU Office 3-070 Phone 516.662.6438 Name/Title Dubowsky, Steven Professor Emeritus Email dubowsky@mit.edu Office 3-469A Phone 617.253.2144 Name/Title Dudley, James F Project Technician Mechanical Email JDUDLEY@MIT.EDU Office 3-059 Phone 617.252.1538 Name/Title Duhart-Richburg, Chevalley Administrative Assistant II Email cduhart@mit.edu Office 3-435 Phone 617.253.3979 Name/Title Dunn, Emma Undergraduate Academic Administrator Email EMMADUNN@MIT.EDU Office 1-110 Phone 617.253.2305 Name/Title DuPlessie, Matthew Lecturer Email MDUPLESSIE@5-WITS.COM Name/Title Eeltink, Debbie Postdoctoral Fellow Email EELTINK@MIT.EDU Office 5-318 Phone 161.725.3013 Name/Title Eisenbach, Katherine Administrative Assistant 2 Email KEISENBA@MIT.EDU Office 3-144 Phone 617.253.7197 Name/Title Eisenstein, Adam T Computer Support Assistant Email EISEA@MIT.EDU Office 3-455G Phone 617.258.6524 Name/Title El Fil, Bachir Postdoctoral Associate Email BELFIL@MIT.EDU Office 7-034 Phone 678.515.6287 Name/Title Embelton, Jared L Academic Administrator Email JAREDE@MIT.EDU Office 1-110 Phone 617.253.2305 Name/Title Epstein, Ari Lecturer Email awe@mit.edu Office 16-177 Phone 617.253.3666 Name/Title Eschleman, Michael Alan Senior Project Manager Email MICHESCH@MIT.EDU Office 3-346 Phone 339.206.3927 Name/Title Fahmi, Ahmed Mohamed Shamel Bahaaeldeel Mostafa Postdoctoral Associate Email SFAHMI@MIT.EDU Office 5-017 Phone 617.866.2042 Name/Title Fan, Dixia Research Scientist Email DFAN@MIT.EDU Office NW98-100 Phone 857.259.8454 Name/Title Fang, Nicholas Xuanlai Professor Email nicfang@mit.edu Office 3-449D Phone 617.253.2247 Name/Title Fantone, Stephen Senior Lecturer Email SDFANTONE@OPTIKOS.COM Office 3-461C Phone 617.253.1690 Name/Title Fay, Sarah C. Postdoctoral Associate Email SCFAY@MIT.EDU Office 3-249A Phone 413.530.4020 Name/Title Feigin-Almon, Micha Research Scientist Email MICHAF@MIT.EDU Office E25-317 Phone 857.364.7724 Name/Title Fletcher, Richard R Research Scientist Email fletcher@media.mit.edu Office N51-323 Phone 617.694.1428 Name/Title Foote, Kenneth Senior Scientist Email kfoote@whoi.edu Name/Title Forrest, Catherine Anne Administrative Assistant II Email CHOGAN@MIT.EDU Office 3-252 Phone 617.253.0580 Name/Title Fox, Geoffrey Administrative Assistant II Email GFOX@MIT.EDU Office 5-204 Phone 617.253.9344 Name/Title Freidah, John Senior Producer & Creative Lead Email JFREIDAH@MIT.EDU Office 1-304A Phone 617.324.4876 Name/Title Frey, Daniel Professor Email danfrey@mit.edu Office 5-321A Phone 617.324.6133 Name/Title Futami, Lauren Teaching Assistant Email lfutami@MIT.EDU Name/Title Gaken, Joseph Michael Administrative Assistant II Email JGAKEN@MIT.EDU Office 3-469 Phone 617.324.6108 Name/Title Gallagher, Mary Elizabeth Communications Manager Email OLEARYMB@MIT.EDU Office 5-326A Phone 617.324.4224 Name/Title Gallaher, Sarah Administrative Assistant II Email gallaher@mit.edu Office 35-237 Phone 617.258.7609 Name/Title Gallant, Betar Associate Professor Email bgallant@mit.edu Office 5-321 Phone 617.715.5217 Name/Title Gaziyeva, Irina Administrative Assistant II Email IGAZIYEV@MIT.EDU Office 3-461 Phone 617.253.5592 Name/Title Gershwin, Stanley B Senior Lecturer Email GERSHWIN@MIT.EDU Office 35-210 Phone 617.253.2149 Name/Title Gervais, Christine A Administrative Assistant I Email GERVAISC@MIT.EDU Office 3-264 Phone 617.324.4939 Name/Title Ghoniem, Ahmed F Professor Email ghoniem@mit.edu Office 3-344 Phone 617.253.2295 Name/Title Gibson, Lorna J. Professor Email LJGIBSON@MIT.EDU Office 8-135 Phone 617.253.7107 Name/Title Gilbert, Daniel Patrick Technical Instructor Email DPGILBER@MIT.EDU Office 35-112 Phone 857.298.8540 Name/Title Gjerasi, Linda Senior Financial Officer Email LINDAG@MIT.EDU Office 1-107 Phone 617.253.9713 Name/Title Glicksman, Leon R. Professor Email glicks@mit.edu Office 5-418F Phone 617.253.2233 Name/Title Glik, Ilya Financial Officer Email ILYAGLIK@MIT.EDU Office 1-107 Phone 617.253.4332 Name/Title Godart, Peter T. Postdoctoral Associate Email PTGODART@MIT.EDU Office 3-257 Phone 201.315.9955 Name/Title Gopinath, Ashwin Assistant Professor Email agopi@mit.edu Office 3-158 Phone 626.644.8884 Name/Title Gordiz, Kiarash Postdoctoral Associate Email KGORDIZ@MIT.EDU Office 31-297 Phone 617.258.8969 Name/Title Gossard, David C Professor Emeritus Email GOSSARD@MIT.EDU Office 3-336 Phone 617.253.4465 Name/Title Graeber, Gustav Postdoctoral Fellow Email GRGU@MIT.EDU Office 7-012 Phone 999.999.9999 Name/Title Graffeo, Thomas C Facilities Coordinator Email TGRAFFEO@MIT.EDU Office 5-040 Phone 617.253.7202 Name/Title Graham, Marc Miller Lecturer Email polo@MIT.EDU Office 3-438A Phone 617.258.0726 Name/Title Grama, Sorin Instructor Email grama@MIT.EDU Office E40-160 Phone 617.253.8653 Name/Title Graves, Stephen C Professor Email sgraves@mit.edu Office E62-579 Phone 617.253.6602 Name/Title Griffith, Linda G Professor Email GRIFF@MIT.EDU Office 16-429 Phone 617.253.0013 Name/Title Griffith, Peter Professor Emeritus Email pgrif@mit.edu Office 3-256 Phone 617.253.2248 Name/Title Grodzinsky, Alan J Professor Email alg@mit.edu Office NE47-377 Phone 617.253.4969 Name/Title Gross, Benjamin Hillel Technical Associate I Email BHGROSS@MIT.EDU Name/Title Guerrero, Julio Lecturer Email JGUERRERO1000@GMAIL.COM Office 3-438 Phone 617.308.5667 Name/Title Guo, Ming Associate Professor Email guom@mit.edu Office 3-455C Phone 617.324.0136 Name/Title Gutowski, Timothy G Professor Email gutowski@mit.edu Office 35-234 Phone 617.253.2034 Name/Title Haberek, Stephen M Project Technician Mechanical Email SMHABERE@MIT.EDU Office 3-056 Phone 617.252.1538 Name/Title Hadjiconstantinou, Nicolas Professor Email ngh@mit.edu Office 3-364 Phone 617.452.2280 Name/Title Haley, Patrick Research Scientist Email phaley@mit.edu Office 5-213 Phone 617.253.6824 Name/Title Hanna, Dorothy S Program Administrator Email DHANNA@MIT.EDU Office 35-210 Phone 617.253.2210 Name/Title Hanumara, Nevan Clancy Research Scientist Email HANUMARA@MIT.EDU Office 3-470 Phone 617.258.8541 Name/Title Hardt, David E Professor Email hardt@mit.edu Office 35-231 Phone 617.253.2252 Name/Title Hart, A. John Professor Email ajhart@mit.edu Office 35-212 Phone 617.324.7022 Name/Title Hart, Douglas Professor Email dphart@mit.edu Office 3-246 Phone 617.253.2178 Name/Title Hayward, Pierce Technical Instructor Email phayward@mit.edu Office 1-307 Phone 617.253.3841 Name/Title Heilig, Emilie Administrative Assistant II Email EHEILIG@MIT.EDU Office 3-359 Phone 617.253.2883 Name/Title Heim, Steve Walter Shue Postdoctoral Fellow Email SHEIM@MIT.EDU Office 5-017 Phone 617.715.4309 Name/Title Hendrickson, Kelli Research Engineer Email khendrk@mit.edu Office 5-326B Phone 617.258.7675 Name/Title Henry, Asegun Associate Professor Email ase@mit.edu Office 3-164 Phone 617.258.5808 Name/Title Herrick, Daniel C Environment, Health and Safety Coordinator Email HERRICKD@MIT.EDU Office 3-449G Phone 617.253.2338 Name/Title Heywood, John B Professor Email jheywood@mit.edu Office 3-340 Phone 617.253.2243 Name/Title Ho, Stephen S. Research Scientist Email SSH1@MIT.EDU Office 35-205 Phone 617.324.4028 Name/Title Hogan, Neville Professor Email neville@mit.edu Office 3-146 Phone 617.253.2277 Name/Title Hogan, Nora Catherine Research Scientist Email HOG@MIT.EDU Office 35-333 Phone 617.285.6107 Name/Title Holley, Amanda E Human Resources Administrator Email AHOLLEY@MIT.EDU Office 1-104 Phone 617.324.5398 Name/Title Holt, Lara Financial Assistant 2 Email LHOLT@MIT.EDU Office 1-103 Phone 617.253.2239 Name/Title Honarparvar, Soraya Postdoctoral Associate Email SHONAR@MIT.EDU Office 31-141 Phone 806.319.2482 Name/Title Hosoi, Anette (Peko) Associate Dean of Engineering/Professor Email peko@mit.edu Office 3-262 Phone 617.253.4337 Name/Title Hover, Franz S Senior Lecturer Email HOVER@MIT.EDU Office 5-207C Phone 617.253.6762 Name/Title Hsu, Libby Lecturer Email slhsu@mit.edu Office N51-301 Phone 541.619.7291 Name/Title Huang, Hsin-Ho Research Scientist Email HH_HUANG@MIT.EDU Office 3-472M Phone 857.210.8520 Name/Title Huang, Junbin Grad Student Email jbhme@mit.edu Name/Title Huang, Po-Hsun Postdoctoral Associate Email PHH@MIT.EDU Office 3-245 Phone 814.777.8982 Name/Title Hughey, Barbara J Senior Lecturer Email BHUGHEY@MIT.EDU Office 3-038 Phone 617.252.1812 Name/Title Hung, Victor Instructor Email VHUNG@MIT.EDU Office 3-452 Phone 617.710.7806 Name/Title Hunter, Ian Professor Email ihunter@mit.edu Office 3-154 Phone 617.253.3921 Name/Title Hutchins, Joan M Financial Assistant II Email HUTCHINS@MIT.EDU Office 1-103 Phone 617.253.7332 Name/Title Jacobson, Joseph Associate Professor Email JACOBSON@MEDIA.MIT.EDU Office E15-430 Phone 617.253.7209 Name/Title Jebran, Ahmad Mujtaba Technical Associate I Email JEBRAN@MIT.EDU Office 5-029 Phone 801.946.9185 Name/Title Jenkins, Joshua Technical Associate I Email JOSHUAJE@MIT.EDU Name/Title Jerng, Sung Eun Postdoctoral Fellow Email SEJERNG@MIT.EDU Office 3-315 Phone 617.909.1243 Name/Title Jester, Michellana Lecturer Email mjester@MIT.EDU Office E62-415 Phone 617.324.1359 Name/Title Ji, Weiqi Postdoctoral Associate Email WEIQIJI@MIT.EDU Office 3-339L Phone 571.508.8406 Name/Title Jimenez, Miguel Research Scientist Email JMIGUELJ@MIT.EDU Office 76-661 Phone 949.285.0318 Name/Title Johnson, Simon Ronald A Kurtz Professor of Entrepreneurship Email sjohnson@MIT.EDU Office E62-420 Phone 617.290.9618 Name/Title Johnston, Caroline M SRS Financial Administrator Email CAROLIN@MIT.EDU Office NW98-169 Phone 617.253.6916 Name/Title Jonart, Douglas Associate Professor of the Practice Email jonart@mit.edu Office 5-317 Phone 831.402.1624 Name/Title Jones, Lynette A Senior Research Scientist Email LJONES@MIT.EDU Office 3-137 Phone 617.253.3973 Name/Title Joshi, Aditi Dattatreya Instructor Email ADJOSHI@MIT.EDU Name/Title Joshi, Shibani Administrative Assistant 3 Email JOSHIS@MIT.EDU Office 3-156 Phone 617.253.4763 Name/Title Kai, Yun Postdoctoral Associate Email YKAI@MIT.EDU Office NE47-577 Phone 617.324.6526 Name/Title Kamm, Roger Dale Professor Email rdkamm@mit.edu Office NE47-321 Phone 617.253.5330 Name/Title Kamrin, Kenneth N Associate Professor Email kkamrin@mit.edu Office 1-310 Phone 617.715.4157 Name/Title Kang, Ziliang Postdoctoral Associate Email ZKANG@MIT.EDU Office 3-339 Phone 217.419.5069 Name/Title Karniadakis, George E Research Scientist Email karniada@mit.edu Office NW98-180 Phone 401.863.1217 Name/Title Karnik, Rohit Professor Email karnik@mit.edu Office 3-461A Phone 617.324.1155 Name/Title Keen, Paul W. Leadership Giving Officer Email PWKEEN@MIT.EDU Office W98-107B Phone 617.715.5318 Name/Title Kernisant, Reggie Financial Assistant 2 Email REGGIEK@MIT.EDU Office 1-107 Phone 617.324.3874 Name/Title Keshavarz, Bavand Lecturer Email BAVAND@MIT.EDU Name/Title Keyes, Elizabeth R Communications Specialist Email KEYES@MIT.EDU Office NW98-162 Phone 617.253.3461 Name/Title Khosravi, Parmiss Technical Associate I Email KHOSRAVI@MIT.EDU Name/Title Kierstead, Emily G Administrative Assistant 2 Email EMILYGK@MIT.EDU Office 3-174 Phone 617.253.2201 Name/Title Kikuhara, Koji Postdoctoral Associate Email KIKUHARA@MIT.EDU Office 31-288 Phone 857.361.6759 Name/Title Kim, Hongmin Postdoctoral Fellow Email DAVIDHMK@MIT.EDU Office 5-017 Phone 617.715.4309 Name/Title Kim, Hyunseok Postdoctoral Associate Email HYUNSEOK@MIT.EDU Office 38-276 Phone 617.253.2883 Name/Title Kim, Jeehwan Associate Professor Email jeehwan@mit.edu Office 38-276 Name/Title Kim, Kyeongho Postdoctoral Associate Email KHKIM213@MIT.EDU Office 3-315 Phone 617.397.8309 Name/Title Kim, Sang-Gook Professor Email sangkim@mit.edu Office 1-306 Phone 617.452.2472 Name/Title Kim, Sangbae Professor Email sangbae@mit.edu Office 3-455D Phone 617.452.2711 Name/Title Kim, Suhin Postdoctoral Associate Email SIKIM@MIT.EDU Office 35-001 Phone 617.583.2331 Name/Title Ko, Eunkyung Postdoctoral Associate Email ECLAREKO@MIT.EDU Office NE47-313 Phone 617.253.6236 Name/Title Kolaya, Emily Anne Technical Associate I Email EAKOLAYA@MIT.EDU Office 56-270 Phone 732.551.7456 Name/Title Kolle, Mathias Associate Professor Email mkolle@mit.edu Office 3-162 Phone 617.324.7639 Name/Title Kornberg, Michelle Research Education Assistant Email michkor@mit.edu Name/Title Kowsari, Kavin Postdoctoral Associate Email KAVIN@MIT.EDU Office 3-473M Phone 617.253.2334 Name/Title Krebs, Hermano Igo Principal Research Scientist Email hikrebs@mit.edu Office 3-137 Phone 617.253.8112 Name/Title Kuosmanen, Johannes Lauri Pellervo Technical Associate I Email JLPKUOSM@MIT.EDU Office E25-053 Phone 857.364.9798 Name/Title Lai, Yvette Administrative Assistant II Email YVETTEL@MIT.EDU Office 3-349 Phone 617.253.2204 Name/Title Langer, Robert S Institute Professor Email RLANGER@MIT.EDU Office 76-661 Phone 617.253.3107 Name/Title Lawson, J. Chappell Instructor Email clawson@MIT.EDU Office E53-453 Phone 617.253.3524 Name/Title Lee, Jong Seung Postdoctoral Associate Email ILOVEYOU@MIT.EDU Office 3-339 Phone 617.397.0132 Name/Title Lee, Sangho Teaching Assistant Email sholee@MIT.EDU Name/Title Leeb, Steven B Professor Email SBLEEB@MIT.EDU Office 10-069 Phone 617.253.9360 Name/Title Leghorn, Jeremy Professor of the Practice Email leghorn@mit.edu Office 5-317 Phone 617.253.4341 Name/Title Leonard, John J Professor Email jleonard@mit.edu Office 3-246 Phone 617.253.5305 Name/Title Lermusiaux, Pierre Professor Email pierrel@mit.edu Office 5-207B Phone 617.324.5172 Name/Title Leroy, Arny Research Specialist Limited-MIT Doctoral Email ALEROY@MIT.EDU Office 7-034 Phone 857.320.9629 Name/Title Leverick, Graham Postdoctoral Associate Email leverick@MIT.EDU Name/Title Li, Wei Postdoctoral Associate Email WEILI17@MIT.EDU Office 5-218 Phone 571.250.9631 Name/Title Li, Xiangyu Postdoctoral Associate Email LI1215@MIT.EDU Office 7-012 Phone 765.714.7023 Name/Title Liang, Jia Ying Technical Associate I Email JYLIANG@MIT.EDU Name/Title Lienhard V, John H Director, J-WAFS / Professor Email lienhard@mit.edu Office 3-166 Phone 617.253.3790 Name/Title Lin, Shaoting Postdoctoral Associate Email SHAOTING@MIT.EDU Office 1-025 Name/Title Lin, Yuechuan Postdoctoral Associate Email YUECHUAN@MIT.EDU Office 6-016 Phone 617.258.9404 Name/Title Liu, Chang Postdoctoral Associate Email WILLLIU@MIT.EDU Office 3-473M Name/Title Liu, John Lecturer Email JOHNHLIU@MIT.EDU Office 35-108 Phone 617.715.4783 Name/Title Liu, Yuming Senior Research Scientist Email YUMING@MIT.EDU Office 5-326C Phone 617.252.1647 Name/Title Liu, Zhiguang Postdoctoral Associate Email LIUZG@MIT.EDU Office 3-473M Phone 617.583.0621 Name/Title Lloyd, Seth Professor Email SLLOYD@MIT.EDU Office 3-160 Phone 617.252.1803 Name/Title Love, Christopher J Postdoctoral Fellow Email CJLOVE@MIT.EDU Office 3-246 Name/Title Luo, Aoyi Postdoctoral Associate Email LUOAOYI@MIT.EDU Office 35-010 Phone 215.301.1991 Name/Title Magee, Christopher L Professor of the Practice/Co-Director, IDC, SUTD Email CMAGEE@MIT.EDU Office N52-395 Phone 617.252.1077 Name/Title Maher, John Finance Email jjmaher@mit.edu Office 3-282 Phone 617.452.2131 Name/Title Makris, Nicholas Professor Email makris@mit.edu Office 5-212 Phone 617.258.6104 Name/Title Manalis, Scott R Professor Email srm@mit.edu Office 76-261 Phone 617.253.5039 Name/Title Marcus, Henry Professor Emeritus Email hsmarcus@mit.edu Office 5-207 Phone 617.253.5151 Name/Title Maslow, Janet S Senior Administrative Assistant Email jsabio@mit.edu Office 31-282 Phone 617.253.4529 Name/Title Mathias, Joanne M. Administrative Officer Email MATHIASJ@MIT.EDU Office 1-104C Phone 617.253.6760 Name/Title Matlock, Alex Christopher Postdoctoral Associate Email AMATLOCK@MIT.EDU Office 6-016 Phone 617.258.9404 Name/Title Matusik, Wojciech Professor Email wojciech@mit.edu Office 32-312 Phone 617.324.8432 Name/Title Mayer, Lisa Cherin Administrative Assistant 2 Email LMAYER@MIT.EDU Office 5-207 Phone 617.253.9709 Name/Title McCarthy, Janice M Administrative Assistant II Email JMCC@MIT.EDU Office 1-104 Phone 617.253.5904 Name/Title McCord, Raymond S Senior Lecturer Email RSMCCORD@MIT.EDU Office 5-324B Phone 617.258.8764 Name/Title McDaniel, Saana J. Academic Administrator Email SAANA@MIT.EDU Office 1-112 Phone 617.253.2291 Name/Title McKee, Laura Lecturer WRAP Email lmckee@mit.edu Name/Title McKeever, Sarah Administrative Assistant II (RLE) Email sarahmck@mit.edu Office 3-337 Name/Title McKinley, Gareth H Professor Email gareth@mit.edu Office 3-254 Phone 617.258.0754 Name/Title McRae, James C. Grad Student Fellow Email jcmcrae@MIT.EDU Name/Title Mei, Chiang Professor Emeritus Email ccmei@mit.edu Office 1-346 Phone 617.253.2994 Name/Title Mickunas, Angela R Senior Financial Officer Email ANGELAO@MIT.EDU Office 100_MEM_DR Phone 978.979.4990 Name/Title Mikic, Borivoje Professor Emeritus Email mikic@mit.edu Office 5-214 Phone 617.253.2242 Name/Title Milgram, Jerome Professor Emeritus Email jmilgram@mit.edu Office 5-318 Phone 617.253.5943 Name/Title Min, Seokkee Technical Associate II Email SEOKKEE@MIT.EDU Office 5-029 Phone 781.507.1625 Name/Title Mirabito, Chris Research Associate Email MIRABITO@MIT.EDU Office 7-321 Phone 617.324.5526 Name/Title Mojahed, Alireza Postdoctoral Associate Email AMOJAHED@MIT.EDU Office 5-423 Phone 804.399.9347 Name/Title Moran, Maria Administrative Assistant 2 Email MCMORAN@MIT.EDU Office 5-317 Phone 617.324.2237 Name/Title Mueller, Stefanie Associate Professor Email stefanie.mueller@mit.edu Office 32-214 Phone 617.715.5831 Name/Title Munoz Royo, Carlos Research Specialist Limited-MIT Doctoral Email CARLOSMR@MIT.EDU Name/Title Nam, Sang Hoon Research Scientist Email SHNAM@MIT.EDU Office 36-325 Phone 617.253.8526 Name/Title Nan, Kewang Research Scientist Email KNAN@MIT.EDU Name/Title Nance, Bryan G Department Community and Equity Officer Email BGN@MIT.EDU Office 3-107 Phone 617.253.9860 Name/Title Nanes, Robert H Project Manager, USAID Email BOBNANES@MIT.EDU Office 5-321A Phone 303.570.8774 Name/Title Nasto, Alice Lecturer Email anasto@MIT.EDU Name/Title Newman, John Nicholas Professor Emeritus Email JNN@MIT.EDU Office 5-324A Phone 617.253.6809 Name/Title Newton-Lima, Mary Catherine Research Program Coordinator Email MNEWLIM@MIT.EDU Office NW98 Phone 617.253.8219 Name/Title Nielsen, Peter Lecturer Email PNIELSEN@MIT.EDU Office 3-PAPPALARDO Phone 617.774.7872 Name/Title O'Brien, Colleen E Financial Officer Email CDAMICO@MIT.EDU Office 1-103 Phone 617.253.2251 Name/Title ONeill, Ciaran Postdoctoral Associate Email CIARNONEILL@GMAIL.COM Office 41-105 Phone 603.275.2090 Name/Title Ouillon, Raphael Postdoctoral Associate Email OUILLON@MIT.EDU Office 3-361C Phone 617.253.5420 Name/Title Pacheco, Jose Juan Industry Co-Director MEngM Program Email JPACHECO@MIT.EDU Office 35-231 Phone 617.880.8009 Name/Title Padia, Vineet Research Assistant Email vpadia@MIT.EDU Office 35-307 Name/Title Page, Jonathan Edward Assoc Prof of the Practice of Naval Construction Email jpage@MIT.EDU Name/Title Pajovic, Simo Grad Student Email pajovics@mit.edu Name/Title Panahi, Aidin Postdoctoral Associate Email PANAHI@MIT.EDU Office 3-339Q Phone 617.715.4348 Name/Title Pappey, Alexis Manager, Finance and Administration Email APAPPEY@MIT.EDU Office NW98-164 Phone 617.253.8208 Name/Title Parilla, Ellen M Senior Administrative Assistant Email ELLENF@MIT.EDU Office 1-110 Phone 617.253.2231 Name/Title Parks, David Moore Professor Email dmparks@mit.edu Office 1-308 Phone 617.253.0033 Name/Title Patera, Anthony T Professor Email patera@mit.edu Office 3-266 Phone 617.253.8122 Name/Title Patrikalakis, Nicholas M Professor Email nmp@mit.edu Office 5-219 Phone 617.253.4555 Name/Title Peacock, Thomas Professor Email tomp@mit.edu Office 3-360 Phone 617.258.0736 Name/Title Penn, James Douglass Lecturer Email PENNJAM@MIT.EDU Office 3-237 Phone 617.253.2007 Name/Title Perez-Breva, Luis Lecturer Email lpbreva@mit.edu Office 66-548 Phone 617.258.8583 Name/Title Perry, Timothy Administrative Assistant II (IMES) Email tperry@mit.edu Office E25-330 Phone 617.253.9757 Name/Title Persad, Aaron Harrinarine Research Scientist Email PERSADAA@MIT.EDU Office 3-462 Phone 617.253.5589 Name/Title Pflanz, Peter D IT Manager Email PPFLANZ@MIT.EDU Office 3-454 Phone 617.452.2290 Name/Title Pham, Sarah Alexandra Senior Administrative Assistant Email SACOLLIN@MIT.EDU Office 3-174 Phone 617.258.9490 Name/Title Phipps, Nathan Lecturer Email NATE@BINGODESIGNS.US Office 3 Phone 610.368.7869 Name/Title Pickering, Ethan M Postdoctoral Associate Email EPICKERI@MIT.EDU Office 5-423 Phone 440.387.7765 Name/Title Pishahang, Mehdi Research Scientist Email MEHDIP@MIT.EDU Office 31-380 Phone 617.253.0563 Name/Title Plummer, William Senior Lecturer Email wplummer@mit.edu Office 3 Phone 978.369.3720 Name/Title Podoloff, Robert M Lecturer Email PODOLOFF@MIT.EDU Office 3 Name/Title Portela, Carlos Assistant Professor Email cportela@mit.edu Office 1-304 Name/Title Pratt, Shane Richard Technical Associate I Email SRPRATT@MIT.EDU Office 31-370 Phone 617.682.0758 Name/Title Probstein, Ronald F Ford Professor of Engineering, Emeritus Email RFPROBST@MIT.EDU Office 3-246 Phone 617.253.2240 Name/Title Pulsone, Antonio Administrative Assistant II Email pulsone@mit.edu Office 1-304 Phone 617.253.2294 Name/Title Quinlan, Haden Edward SRS Program staff Email HQUINLAN@MIT.EDU Office 35-214 Phone 617.253.2228 Name/Title Quintus-Bosz, Harald Instructor Email haraldqb@MIT.EDU Office N51-300 Name/Title Raman, Ritu Assistant Professor Email ritur@mit.edu Name/Title Ramos, Joshua D Lecturer Email RAMOS01@MIT.EDU Office 35-106 Phone 617.293.3979 Name/Title Randeni Pathiranachchilage, Supun Anuradhitha Tilakeratne Research Scientist Email SUPUN@MIT.EDU Office 5-204 Phone 617.253.2203 Name/Title Ray, Darlene Training Grants Administrator (BE) Email dray@mit.edu Office 16-249 Phone 617.253.3874 Name/Title Regan, Leslie M Academic Administrator (Outgoing) Email LREGAN@MIT.EDU Office 1-112 Phone 617.253.2291 Name/Title Resvanis, Themistocles Leonidas Research Scientist Email RESVANIS@MIT.EDU Office 5-222 Phone 617.253.6570 Name/Title Riefstahl, Maria A Administrative Assistant II Email MARIA@MIT.EDU Office 5-228 Phone 617.253.4330 Name/Title Rivera, Yadira Administrative Assistant II Email YRIVERA@MIT.EDU Office 3-343 Phone 617.258.9750 Name/Title Roche, Ellen Associate Professor Email etr@mit.edu Office E25-344 Phone 617.258.6024 Name/Title Rodriguez Garcia, Alberto Associate Professor Email albertor@mit.edu Office 5-207D Phone 617.324.1461 Name/Title Romanishin, John William Research Assistant Email johnrom@MIT.EDU Name/Title Rossikopoulou Pappa, Styliani Grad Student Fellow Email spappa@MIT.EDU Name/Title Rowell, Derek Professor Emeritus Email drowell@mit.edu Office 3-142 Phone 617.253.6206 Name/Title Rudy, Samuel H Postdoctoral Fellow Email SHRUDY@MIT.EDU Office 5-318 Phone 650.380.5801 Name/Title Sacarny, Michael Research Engineer Email MSACARNY@MIT.EDU Office NW98-183 Phone 617.253.9311 Name/Title Sachs, Emanuel Michael Professor Email SACHS@MIT.EDU Office 35-136 Phone 617.253.5381 Name/Title Sadr, Mohsen Postdoctoral Fellow Email MSADR@MIT.EDU Name/Title Sapsis, Themistoklis Associate Professor Email sapsis@mit.edu Office 5-318 Phone 617.324.7508 Name/Title Sarma, Sanjay E Vice President for Open Learning Email SESARMA@MIT.EDU Office 35-206 Phone 617.253.1925 Name/Title Schmidt, Henrik Professor Email henrik@mit.edu Office 5-204A Phone 617.253.5727 Name/Title Sclavounos, Paul D Professor Email pauls@mit.edu Office 5-320 Phone 617.253.4364 Name/Title Seering, Warren Paul Professor Email seering@mit.edu Office 3-433 Phone 617.253.8253 Name/Title Segado, Martin A Teaching Assistant Email msegado@MIT.EDU Name/Title Serdy, James G Sponsored Research Technical staff Email SERDY@MIT.EDU Office 35-311 Phone 617.253.2606 Name/Title Shaba, Sagena Financial Officer Email SSHABA@MIT.EDU Office 1-107 Phone 617.324.3874 Name/Title Shanbhogue, Santosh Research Scientist Email SANTOSH1@MIT.EDU Office 3-339Q Phone 617.715.4348 Name/Title Shao-Horn, Yang Professor Email shaohorn@mit.edu Office 3-334 Phone 617.253.2259 Name/Title Shea, Daniel F Senior Administrative Assistant Email GUMBY@MIT.EDU Office 1-112 Phone 617.253.1790 Name/Title Sheehan, Una M Senior Administrative Assistant Email OONA@MIT.EDU Office 1-112 Phone 617.253.2291 Name/Title Sheridan, Thomas Professor Emeritus Email sheridan@mit.edu Office 3-256 Phone 617.253.2228 Name/Title Shin, Jungwoo Postdoctoral Associate Email JSHIN63@MIT.EDU Office 7-008 Phone 217.377.3084 Name/Title Silva, Justin Administrative Assistant II Email jsilva25@mit.edu Office 35-214 Phone 617.253.6093 Name/Title Simpson, Juliet Research Engineer Email SIMPSONJ@MIT.EDU Office NW98-166 Phone 617.253.7079 Name/Title Singh, Avtar Postdoctoral Associate Email AVTAR@MIT.EDU Office 5-218 Phone 617.253.2104 Name/Title Skocay, Michael J faculty Affairs Coordinator Email SKOCAY@MIT.EDU Office 3-174 Phone 617.253.2638 Name/Title Slocombe, Christine Administrative Assistant II (BE) Email slocombe@mit.edu Office 10-140 Phone 617.258.6504 Name/Title Slocum, Alexander H Professor Email slocum@mit.edu Office 3-445 Phone 617.253.0012 Name/Title Slotine, Jean-Jacques E Professor Email jjs@mit.edu Office 3-338 Phone 617.253.0490 Name/Title Smith, Amy B Senior Lecturer and Founding Director D-Lab Email abs@mit.edu Office N51-309 Phone 617.253.3522 Name/Title Smith, Barbara D Administrative Assistant II Email BSMITH@MIT.EDU Office 5-320 Phone 617.253.0137 Name/Title Smith, Kendrick Tasker Technical Instructor Email TASKERS@MIT.EDU Office 3-059 Phone 617.252.1531 Name/Title So, Peter T. C. Professor Email ptso@mit.edu Office NE47-279 Phone 617.253.6552 Name/Title Socrate, Simona Senior Lecturer Email SSOCRATE@MIT.EDU Office E25-406 Phone 617.452.2689 Name/Title Soledad, Antoni Instructor Email ASOLEDAD@MIT.EDU Name/Title Song, Binyang Postdoctoral Associate Email BINYANGS@MIT.EDU Office 3-470 Phone 814.954.9508 Name/Title Song, Min Kyu Postdoctoral Fellow Email MKSONG@MIT.EDU Office 38-276 Phone 617.253.2883 Name/Title Sonin, Juhan Lecturer Email JUHAN@MIT.EDU Office 2-PAPPALARDO Phone 617.504.3390 Name/Title Spector, Myron Instructor Email mspector@MIT.EDU Office 3-258 Phone 617.253.2228 Name/Title Spence, Ronald S Project Technician Mechanical Email TEWC@MSN.COM Office 38-001 Phone 617.253.2392 Name/Title Spinelli, Christina Administrative Assistant II Email CSPINELL@MIT.EDU Office 1-310 Phone 617.253.5328 Name/Title Srinivasan, Mandayam A Senior Research Scientist Email SRINI@MIT.EDU Office 26-319 Phone 617.253.2512 Name/Title Srivastava, Priyank Postdoctoral Associate Email PSRIVAST@MIT.EDU Office 3-441 Phone 858.281.1186 Name/Title Stack, Amanda Leigh Research Engineer Email ASTACK@MIT.EDU Office 31-299 Phone 847.912.7260 Name/Title Stewart, Katey Frances Administrative Assistant 2 Email KSTEW@MIT.EDU Office 3-144 Phone 617.253.5338 Name/Title Stoyanova, Galia Slavova Senior Administrative Assistant Email GALIA@MIT.EDU Office 3-258 Phone 617.253.2584 Name/Title Sualeh Khurshid, Fnu Postdoctoral Associate Email SUALEHKH@MIT.EDU Office 5-423 Phone 512.574.5872 Name/Title Subirana, Juan Brian Research Scientist Email subirana@mit.edu Office 35-205 Phone 617.253.5970 Name/Title Sudhir, Vivishek Assistant Professor Email vivishek@mit.edu Office 5-324A Name/Title Suh, Junmin Postdoctoral Fellow Email JUNMIN@MIT.EDU Office 38-276 Phone 617.803.6542 Name/Title Suh, Nam Pyo Ralph E & Eloise F Cross Professor Emeritus Email NPSUH@MIT.EDU Office 35-135 Phone 617.253.2225 Name/Title Suo, Dajiang Postdoctoral Associate Email DJSUO@MIT.EDU Office 35-205 Phone 857.209.1528 Name/Title Swisher, Mathew M. Postdoctoral Associate Email MSWISHER@MIT.EDU Name/Title Taheri Mousavi, Seyedeh Mohadeseh Research Scientist Email SMOUSAVI@MIT.EDU Office 35-135 Phone 617.252.1511 Name/Title Tappa, Jordan L. Instructor Email JTAPP@MIT.EDU Phone 715.551.9496 Name/Title Taylor, Ian H Technical Associate II Email IHTAYLOR@MIT.EDU Office 3-070 Phone 352.989.0775 Email wzhang@whoi.edu Name/Title Tecce, Kimberly R. Communications and Community Coordinator Email ktecce@mit.edu Office 5-326A Name/Title Techet, Alexandra H Professor Email ahtechet@mit.edu Office 5-230 Phone 617.452.2266 Name/Title Tedrake, Russ Professor Email russt@mit.edu Office 32-380B Phone 617.253.1778 Name/Title Thompson, Mary Jo Administrative Assistant II Email MARY_JO@MIT.EDU Office 5-321 Phone 617.324.3687 Name/Title Tian, Tian Principal Research Engineer Email tiantian@mit.edu Office 31-289 Phone 617.253.2174 Name/Title Todreas, Neil Professor Emeritus Email todreas@mit.edu Office 24-205 Phone 617.253.5296 Name/Title Tokic, Grgur Research Scientist Email GTOKIC@MIT.EDU Office 5-331 Phone 617.459.0399 Name/Title Tottori, Soichiro Postdoctoral Fellow Email TOTTORI@MIT.EDU Name/Title Totz, Jan Frederik Postdoctoral Fellow Email JANTOTZ@MIT.EDU Office 3-237 Phone 617.452.3167 Name/Title Traverso, Giovanni Assistant Professor Email cgt20@mit.edu Office 3-340 Phone 617.253.5726 Name/Title Triantafyllou, Michael S Professor Email MISTETRI@MIT.EDU Office 5-226 Phone 617.253.9614 Name/Title Trias, Alexandra Administrative Assistant 2 Email ATRIAS@MIT.EDU Office 35-214 Phone 617.253.3308 Name/Title Trumper, David L Professor Email trumper@mit.edu Office 10-140K Phone 617.253.3481 Name/Title Tu, Yaodong Postdoctoral Associate Email YTU@MIT.EDU Office 7-034 Phone 626.541.5228 Name/Title Urcuioli, Bettina Senior Program Manager Email BMA@MIT.EDU Office 3-144 Phone 617.715.2623 Name/Title Van de Zande, Georgia D. Research Assistant Email gdvdz@MIT.EDU Office 31-370 Name/Title Van Houten, Laura Administrative Assistant 2 Email LAURAVHF@MIT.EDU Office 35-234 Phone 617.253.2113 Name/Title van Rees, Wim Assistant Professor Email wvanrees@mit.edu Office 5-222 Phone 617.253.6820 Name/Title Vandiver, J Kim Dean for Undergraduate Research/Professor Email kimv@mit.edu Office 10-110 Phone 617.258.0207 Name/Title Varanasi, Kripa Professor Email kripa@mit.edu Office 35-209 Phone 617.324.5608 Name/Title Vincent, Robert E Assistant Director for Advisory Services Email RVINCENT@MIT.EDU Office NW98-179 Phone 617.252.1741 Name/Title Wallace, David Professor Email drwallac@mit.edu Office 3-435 Phone 617.253.2655 Name/Title Walters, Trudi Administrative Assistant II Email BLACKWAL@MIT.EDU Office NW98-151 Phone 617.253.9313 Name/Title Wang, Evelyn Department Head/Professor Email enwang@mit.edu Office 3-461B Phone 617.324.3311 Name/Title Wang, Liu Postdoctoral Fellow Email LIUWANG@MIT.EDU Office 1-321 Phone 512.785.7268 Name/Title Wang, Xiaolin Research Scientist Email WXIAOLIN@MIT.EDU Office 1-321 Phone 999.999.9999 Name/Title Wang, Yuesen Postdoctoral Associate Email WYS@MIT.EDU Office 31-292 Phone 617.803.7186 Name/Title Wardlaw, Michael Johnny Lecturer Email WARDLAW@MIT.EDU Office 3-246 Phone 407.797.7679 Name/Title Wardle, Brian Professor Email wardle@mit.edu Office 33-408 Phone 617.252.1539 Name/Title Weiss, Abbott Senior Lecturer Email adw@mit.edu Office 35-233 Phone 978.549.7478 Name/Title Wells-Lewis, Alyssa A. Instructor Email ALYSSAWL@MIT.EDU Phone 609.851.1930 Name/Title Welsh, Emily M Educational Technologist Email EWELSH@MIT.EDU Office 35-35-010 Phone 916.531.3813 Name/Title Wendell, Dawn Marie Senior Lecturer Email dawn@MIT.EDU Office 3-449A Phone 617.253.5711 Name/Title Werth, Theresa L. Program Manager Email THERESAW@MIT.EDU Office 35-210 Phone 617.253.3458 Name/Title White, Laura Administrative Assistant II (ODL) Email whitela@mit.edu Office 35-208 Phone 617.324.7456 Name/Title Wierzbicki, Tomasz Professor Email WIERZ@MIT.EDU Office 5-218A Phone 617.253.2104 Name/Title Wiesman, Richard M Professor of the Practice Email wiesman@mit.edu Office 3-469 Phone 617.324.5260 Name/Title Williams Jr, James H Professor Email jhwill@mit.edu Office 3-358 Phone 617.253.2221 Name/Title Williams, Elizabeth Barbra Gilley Administrative Assistant 2 Email BARBRAW@MIT.EDU Office 5-228 Phone 617.253.7413 Name/Title Winter, Amos G. Associate Professor Email awinter@mit.edu Office 3-449C Phone 617.253.6761 Name/Title Wu, Jingjing Postdoctoral Associate Email WUJJ@MIT.EDU Office 1-321 Phone 857.320.8571 Name/Title Xia, Charlene Research Assistant Email cxia_1@MIT.EDU Name/Title Xia, Fangzhou Postdoctoral Associate Email XIAFZ@MIT.EDU Office 1-010 Phone 734.834.9139 Name/Title Xu, Keke Financial Officer Email KEKEX@MIT.EDU Office 3-258 Phone 617.715.2309 Name/Title Yan, Lisa Temp Worker Email lisayan@mit.edu Name/Title Yang, Chen Postdoctoral Associate Email CHEN_MRL@MIT.EDU Office 1-010 Phone 617.258.6758 Name/Title Yang, Maria Professor Email mcyang@mit.edu Office 3-449B Phone 617.324.5592 Name/Title Yang, Yiyuan Postdoctoral Associate Email YANGHARLON@GMAIL.COM Office 3-339 Phone 217.898.5009 Name/Title Yannas, Ioannis V Professor Email yannas@mit.edu Office 3-332 Phone 617.253.4469 Name/Title Ying, Binbin Postdoctoral Fellow Email BYING@MIT.EDU Office 3-339 Phone 857.829.9677 Name/Title Youcef-Toumi, Kamal Professor Email youcef@mit.edu Office 3-342 Phone 617.253.2216 Name/Title Young, Alison C Administrative Assistant 2 Email ALIYOUNG@MIT.EDU Office NE47-322 Phone 617.324.0683 Name/Title Young, Samantha A Administrative Assistant II Email SAMYOUNG@MIT.EDU Office 35-231 Phone 617.715.2158 Name/Title Yue, Dick K. P. Professor Email yue@mit.edu Office 5-321 Phone 617.253.6823 Name/Title Yuk, Hyunwoo Research Scientist Email HYUNWOO@MIT.EDU Office 1-025 Phone 857.209.1500 Name/Title Zaman, Syed Administrative Assistant II (RLE) Email szaman@mit.edu Name/Title Zhang, Jianan Postdoctoral Associate Email JIANANZ@MIT.EDU Office 31-288 Phone 319.321.4928 Name/Title Zhang, Xiang Postdoctoral Associate Email XZHANG88@MIT.EDU Office E25-317 Phone 301.693.3870 Name/Title Zhao, Ming Postdoctoral Associate Email MINGZHAO@MIT.EDU Office 5-008 Phone 571.443.9127 Name/Title Zhao, Xuanhe Professor Email zhaox@mit.edu Office 1-310D Phone 617.324.6367 Name/Title Zhou, Tao Postdoctoral Associate Email ZHOUT@MIT.EDU Office 1-025 Phone 617.512.4982 Name/Title Zhu, Chenyang Postdoctoral Associate Email CZHU1230@MIT.EDU Office 5-229 Phone 857.272.5126 Name/Title Zhu, Juner Research Scientist Email ZHUJUNER@MIT.EDU Office 5-218 Phone 617.253.2104 Name/Title Zhu, Qingzi Research Scientist Email ZHUQ@MIT.EDU Office 31-380 Phone 765.421.3742 Name/Title Zolot, Kenneth Senior Lecturer Email zolot@MIT.EDU Office 32-G516 Phone 617.253.6481 at MechE Diversity Statement Strategic Plan Ethics and Integrity Faculty Positions Contact Apply Sitemap Privacy Accessibility Credits Toggle High Contrast Student Resources MechE Academic Dashboard MechE Undergrad Portal Online 2A Contract SB Thesis Information Online Grad Card ODGE Petition On-Line Thesis Submission Zoom Instructions for Virtual Defenses Guide to Graduate Study MIT's Mind & Hand Book Staff Resources Room Reservations MechE Resources Edit My Profile Follow our research.Or, just follow us. Facebook Twitter YouTube Instagram Linkedin Sign up for our monthly newsletter MechE Analog Massachusetts Institute of Technology Department of Mechanical Engineering77 Massachusetts Avenue, Room 3-173 Cambridge, Massachusetts 02139
