Staff Listing | MIT Department of Mechanical Engineering Staff Listing | MIT Department of Mechanical Engineering close menu Find Resources Close Menu MechE Covid-19 Resources Impact World-Changing Engineering See Impact Menu Research Focus Areas and Labs See Research Menu People Faculty and Staff See People Submenu Education Degree Programs and Classes See Education Menu Culture Student Life in MechE News & Video News, Press, Video and Photos See news and media menu Faculty Openings Join the MechE Alliance Alumni Contact Apply to MIT MechE Support Meche Back Close Menu Impact Health Environment Innovation Energy Security Research Mechanics Design Controls Energy Ocean Bio Micro + Nano People Diversity, Equity, and Inclusion Faculty Faculty Emeritus Research Staff Post Docs Teaching Staff Admin Staff Support Staff Full Directory Education Class Offerings Prospective Students Undergraduate Graduate Post-Doc Careers Culture News + Video Press Video Galleries Photo Galleries Newsletter Colloquia Lorem ipsum dolor sit amet. Lorem ipsum.Close Alert MIT MechE MechE Covid-19 Resources HomePeopleStaff Listing menu Explore People Search Faculty Staff Full Directory More Filter People Faculty Emeritus Faculty Research Staff Post Docs Teaching Staff Tech Staff Admin Staff Support Staff MechE Staff A - D E - H I - L M - P Q - T U - Z Name/ Title E-mail Office Phone Name/Title Agarwal, Nayan Pawan Postdoctoral Associate Email NAYAN91@MIT.EDU Office 5-008 Phone 206.383.1080 Name/Title Alshrah, Mohammed Marzouk Postdoctoral Fellow Email MALSHRAH@MIT.EDU Office 7-034 Phone 617.324.8992 Name/Title Blanc, Baptiste Pierre Raymond Postdoctoral Associate Email BBLANC@MIT.EDU Office 35-401 Phone 646.506.5044 Name/Title Cha, Hyeongyun Postdoctoral Associate Email CHA10@MIT.EDU Office 7-021 Phone 217.550.2776 Name/Title Chen, Xiaoyu Postdoctoral Associate Email XIAOYUC@MIT.EDU Office 1-1-025 Phone 571.523.6733 Name/Title Chen, Yu Research Scientist Email YUC@MIT.EDU Office 31-296 Phone 617.417.6966 Name/Title Cheng, Chi Research Scientist Email CHICHENG@MIT.EDU Office 3-462 Phone 857.529.9269 Name/Title Cottet, Jonathan Bastien Postdoctoral Associate Email COTTET@MIT.EDU Office 5-021 Phone 857.298.9401 Name/Title Deng, Jue Postdoctoral Associate Email DENGJ@MIT.EDU Office 1-025 Phone 857.829.7296 Name/Title Deshmukh, Akshay P Postdoctoral Associate Email AKSHAYPD@MIT.EDU Office 7-034 Phone 203.690.9812 Name/Title Doshi, Neel D. Postdoctoral Associate Email NDDOSHI@MIT.EDU Office 3-070 Phone 516.662.6438 Name/Title Eeltink, Debbie Postdoctoral Fellow Email EELTINK@MIT.EDU Office 5-318 Phone 161.725.3013 Name/Title Fan, Dixia Research Scientist Email DFAN@MIT.EDU Office NW98-100 Phone 857.259.8454 Name/Title Gordiz, Kiarash Postdoctoral Associate Email KGORDIZ@MIT.EDU Office 31-297 Phone 617.258.8969 Name/Title Honarparvar, Soraya Postdoctoral Associate Email SHONAR@MIT.EDU Office 31-141 Phone 806.319.2482 Name/Title Huang, Hsin-Ho Research Scientist Email HH_HUANG@MIT.EDU Office 3-472M Phone 857.210.8520 Name/Title Huang, Po-Hsun Postdoctoral Associate Email PHH@MIT.EDU Office 3-245 Phone 814.777.8982 Name/Title Jerng, Sung Eun Postdoctoral Fellow Email SEJERNG@MIT.EDU Office 3-315 Phone 617.909.1243 Name/Title Ji, Weiqi Postdoctoral Associate Email WEIQIJI@MIT.EDU Office 3-339L Phone 571.508.8406 Name/Title Kikuhara, Koji Postdoctoral Associate Email KIKUHARA@MIT.EDU Office 31-288 Phone 857.361.6759 Name/Title Kim, Hyunseok Postdoctoral Associate Email HYUNSEOK@MIT.EDU Office 38-276 Phone 617.253.2883 Name/Title Kim, Suhin Postdoctoral Associate Email SIKIM@MIT.EDU Office 35-001 Phone 617.583.2331 Name/Title Ko, Eunkyung Postdoctoral Associate Email ECLAREKO@MIT.EDU Office NE47-313 Phone 617.253.6236 Name/Title Kowsari, Kavin Postdoctoral Associate Email KAVIN@MIT.EDU Office 3-473M Phone 617.253.2334 Name/Title Li, Wei Postdoctoral Associate Email WEILI17@MIT.EDU Office 5-218 Phone 571.250.9631 Name/Title Li, Xiangyu Postdoctoral Associate Email LI1215@MIT.EDU Office 7-012 Phone 765.714.7023 Name/Title Lin, Shaoting Postdoctoral Associate Email SHAOTING@MIT.EDU Office 1-025 Name/Title Liu, John Lecturer Email JOHNHLIU@MIT.EDU Office 35-108 Phone 617.715.4783 Name/Title Liu, Zhiguang Postdoctoral Associate Email LIUZG@MIT.EDU Office 3-473M Phone 617.583.0621 Name/Title Love, Christopher J Postdoctoral Fellow Email CJLOVE@MIT.EDU Office 3-246 Name/Title Mirabito, Chris Research Associate Email MIRABITO@MIT.EDU Office 7-321 Phone 617.324.5526 Name/Title Nan, Kewang Research Scientist Email KNAN@MIT.EDU Name/Title Ouillon, Raphael Postdoctoral Associate Email OUILLON@MIT.EDU Office 3-361C Phone 617.253.5420 Name/Title Panahi, Aidin Postdoctoral Associate Email PANAHI@MIT.EDU Office 3-339Q Phone 617.715.4348 Name/Title Persad, Aaron Harrinarine Research Scientist Email PERSADAA@MIT.EDU Office 3-462 Phone 617.253.5589 Name/Title Randeni Pathiranachchilage, Supun Anuradhitha Tilakeratne Research Scientist Email SUPUN@MIT.EDU Office 5-204 Phone 617.253.2203 Name/Title Resvanis, Themistocles Leonidas Research Scientist Email RESVANIS@MIT.EDU Office 5-222 Phone 617.253.6570 Name/Title Rudy, Samuel H Postdoctoral Fellow Email SHRUDY@MIT.EDU Office 5-318 Phone 650.380.5801 Name/Title Shin, Jungwoo Postdoctoral Associate Email JSHIN63@MIT.EDU Office 7-008 Phone 217.377.3084 Name/Title Taheri Mousavi, Seyedeh Mohadeseh Research Scientist Email SMOUSAVI@MIT.EDU Office 35-135 Phone 617.252.1511 Name/Title Tokic, Grgur Research Scientist Email GTOKIC@MIT.EDU Office 5-331 Phone 617.459.0399 Name/Title Tottori, Soichiro Postdoctoral Fellow Email TOTTORI@MIT.EDU Name/Title Totz, Jan Frederik Postdoctoral Fellow Email JANTOTZ@MIT.EDU Office 3-237 Phone 617.452.3167 Name/Title Tu, Yaodong Postdoctoral Associate Email YTU@MIT.EDU Office 7-034 Phone 626.541.5228 Name/Title Wang, Liu Postdoctoral Fellow Email LIUWANG@MIT.EDU Office 1-321 Phone 512.785.7268 Name/Title Wang, Xiaolin Research Scientist Email WXIAOLIN@MIT.EDU Office 1-321 Phone 999.999.9999 Name/Title Wang, Yuesen Postdoctoral Associate Email WYS@MIT.EDU Office 31-292 Phone 617.803.7186 Name/Title Wu, Jingjing Postdoctoral Associate Email WUJJ@MIT.EDU Office 1-321 Phone 857.320.8571 Name/Title Xia, Fangzhou Postdoctoral Associate Email XIAFZ@MIT.EDU Office 1-010 Phone 734.834.9139 Name/Title Yang, Chen Postdoctoral Associate Email CHEN_MRL@MIT.EDU Office 1-010 Phone 617.258.6758 Name/Title Zhang, Jianan Postdoctoral Associate Email JIANANZ@MIT.EDU Office 31-288 Phone 319.321.4928 Name/Title Zhang, Xiang Postdoctoral Associate Email XZHANG88@MIT.EDU Office E25-317 Phone 301.693.3870 Name/Title Zhao, Ming Postdoctoral Associate Email MINGZHAO@MIT.EDU Office 5-008 Phone 571.443.9127 Name/Title Zhou, Tao Postdoctoral Associate Email ZHOUT@MIT.EDU Office 1-025 Phone 617.512.4982 Name/Title Zhu, Juner Research Scientist Email ZHUJUNER@MIT.EDU Office 5-218 Phone 617.253.2104 Staff Role Research Post-Doc Teaching Technical Admin Support at MechE Diversity Statement Strategic Plan Ethics and Integrity Faculty Positions Contact Apply Sitemap Privacy Accessibility Credits Toggle High Contrast Student Resources MechE Academic Dashboard MechE Undergrad Portal Online 2A Contract SB Thesis Information Online Grad Card ODGE Petition On-Line Thesis Submission Zoom Instructions for Virtual Defenses Guide to Graduate Study MIT's Mind & Hand Book Staff Resources Room Reservations MechE Resources Edit My Profile Follow our research.Or, just follow us. Facebook Twitter YouTube Instagram Linkedin Sign up for our monthly newsletter MechE Analog Massachusetts Institute of Technology Department of Mechanical Engineering77 Massachusetts Avenue, Room 3-173 Cambridge, Massachusetts 02139
